appID,appStatus,lenderID,borrowerID,mortgageID
1,approved,1,1,1
2,approved,2,2,2
3,approved,3,3,3
4,approved,4,4,4
5,approved,5,5,5
6,approved,6,6,6
7,approved ,7,7,7
8,approved ,8,8,8
9,approved,9,9,9
10,approved,10,10,10
11,approved,11,11,11
12,approved,12,12,12
13,approved,13,13,13
14,approved,14,14,14
15,approved,15,15,15
16,approved,16,16,16
17,approved ,17,17,17
18,approved ,18,18,18
19,approved,19,19,19
20,approved,20,20,20
21,approved,21,21,21
22,approved ,22,22,22
23,approved ,23,23,23
24,approved,24,24,24
25,pending,25,25,25
26,pending,26,26,25
27,pending,27,26,25
28,denied,27,27,25
29,denied,27,27,25