docID,docType,borrowerID,appID
1,income verification ,1,1
2,asset doc,1,1
3, income verification,1,1
4,employment verification ,1,1
5,credit history ,1,1
6,identification doc,1,1
7,income verification ,2,2
8,asset doc,2,2
9, income verification,2,2
10,employment verification ,2,2
11,credit history ,2,2
12,identification doc,2,2
13,income verification ,3,3
14,asset doc,3,3
15, income verification,3,3
16,employment verification ,3,3
17,credit history ,3,3
18,identification doc,3,3
19,income verification ,4,4
20,asset doc,4,4
21, income verification,4,4
22,employment verification ,4,4
23,credit history ,4,4
24,identification doc,4,4
25,income verification ,5,5
26,asset doc,5,5
27, income verification,5,5
28,employment verification ,5,5
29,credit history ,5,5
30,identification doc,5,5
31,income verification ,6,6
32,asset doc,6,6
33, income verification,6,6
34,employment verification ,6,6
35,credit history ,6,6
36,identification doc,6,6
37,income verification ,26,26
38,asset doc,26,26
39, income verification,27,27
40,employment verification ,27,28
41,credit history ,27,28