propertyID,adrStrNum,adrStrName,adrAptNum,adrState,adrCity,adrZip,marketValue,yearBuilt,propertyType,lenderID,borrowerID
1,123,Main St,4A,NY,New York,10001,300000.00,2000,Condo,1,1
2,456,Oak Dr,,CA,Los Angeles ,10003,200000.00,1950,Single Family,2,2
3,789,Pine Ave,12B,IL,Chicago,90003,300000.00,1970,Single Family,3,3
4,321,Elm St,,TX,Austin,56978,200000.00,2010,Condo,4,4
5,654,Maple Ln,3C,AZ,Phoenix,67895,450000.00,2010,Condo,5,5
6,987,Cedar Rd,,PA,Philadelphia,65432,300000.00,2020,Condo,6,6
7,135,Birch St,5D,TX,San Antonio,11234,450000.00,2021,Condo,7,7
8,246,Walnut Dr,,CA,Los Angeles ,45367,200000.00,1983,Condo,8,8
9,357,Willow Ave,6E,TX,Austin,56786,500000.00,2022,Single Family,9,9
10,468,Spruce Ave,,CA,San deigo,56567,450000.00,2017,Single Family,10,10
11,579,Cherry Rd,7F,TX,Dallas,44531,500000.00,2016,Condo,11,11
12,680,Peach St,,CA,San Deigo,11445,750000.00,2013,Single Family,12,12
13,791,Plum Dr,8G,TX,Dallas,36890,300000.00,2011,Condo,13,13
14,802,Pear Ave,,FL,Orlando,92101,450000.00,2001,Single Family,14,14
15,913,Apple Ln,9H,CA,Los Angeles ,12307,500000.00,2002,Single Family,15,15
16,24,Lemon Rd,,IN,Indianapolis,56027,550000.00,2002,Single Family,16,16
17,135,Lime St,10I,OH,Columbus,78795,450000.00,2002,Condo,17,17
18,246,Grape Dr,,TX,Austin,77664,500000.00,2004,Single Family,18,18
19,357,Strawberry Ave,11J,NC,Charlotte,33110,800000.00,2003,Condo,19,19
20,468,Raspberry Ln,,MI,Detroit,90012,800000.00,1982,Single Family,20,20
21,579,Blueberry Rd,12K,TX,El Paso,66110,300000.00,1999,Condo,21,21
22,680,Blackberry St,,WA,Seattle,90312,450000.00,1973,Single Family,22,22
23,791,Cranberry Dr,13L,CO,Denver,12345,500000.00,2002,Condo,23,23
24,802,Kiwi Ave,,DC,Washington,56789,450000.00,2001,Condo,24,24
25,913,Mango Ln,14M,MD,Baltimore,9876,300000.00,2001,Single Family,25,25