paymentID,dateOfPayment,amountPaid,statusOfPayment,paymentType,borrowerID,mortgageID,escrowID
1,1/1/2016,3871.69,approved,credit card,1,1,1
2,2/1/2016,6799.26,approved,credit card,1,1,1
3,3/1/2016,4341.95,approved,credit card,1,1,1
4,4/1/2016,3542.31,pending,credit card,1,1,1
5,7/7/2017,7135.96,approved,check,2,2,2
6,5/8/2016,7589.97,declined,check,2,2,2
7,6/12/2016,3339.54,approved,credit card,3,3,3
8,6/1/2016,6588.45,approved,credit card,4,4,4
9,6/2/2016,6783.49,approved,credit card,5,5,5
10,6/3/2016,3107.98,approved,credit card,6,6,6
11,6/4/2016,2410.45,approved,credit card,7,7,7
12,12/1/2019,2814.47,approved,check,8,8,8
13,6/6/2016,2172.98,pending,check,9,9,9
14,6/7/2016,7936.44,pending,check,10,10,10
15,6/8/2016,5400.99,pending,check,11,11,11
16,7/7/2018,4462.27,declined,check,12,12,12
17,6/6/2016,7318.85,declined,credit card,13,13,13
18,7/7/2017,6863.39,pending,credit card,14,14,14
19,6/9/2020,2810.59,approved,credit card,15,15,15
20,2/2/2016,5757.51,approved,credit card,16,16,16
21,6/5/2016,2321.45,approved,credit card,17,17,17
22,6/5/2016,5811.04,approved,check,18,18,18
23,9/1/2021,7765.94,approved,check,19,19,19
24,7/1/2021,7463.32,approved,credit card,20,20,20
25,6/1/2016,6431.09,approved,credit card,21,21,21
26,7/2/2016,4995.91,approved,check,22,22,22
27,11/1/2022,5190.60,approved,credit card,23,23,23
28,1/12/2017,3450.13,approved,credit card,24,24,24
29,2/1/2022,4074.27,approved,credit card,25,25,25
30,3/1/2022,4423.47,approved,credit card,25,25,25
31,4/1/2022,689.94,declined,check,25,25,25
32,4/2/2022,4482.94,declined,credit card,25,25,25
33,4/3/2022,7615.90,pending,credit card,25,25,25