borrowerID,nameFirst,nameLast,userType,password,creditScore,annualIncome,employmentStatus,dateOfBirth,SSN,userID
1,Phyllis,Bonilla,borrower,546bre54,630,103632.00,employed,11/18/1974,316427459,6
2,Jack,Tanner,borrower,br54re56,490,42158.00,employed,6/21/1975,764129921,32
4,Toney,Durham,borrower,546breae,760,324576.00,employed,5/9/1981,376945865,7
5,Josue,Pratt,borrower,abere564b6,597,261563.00,employed,11/20/1981,312965372,22
7,Xavier,Burgess,borrower,546breen,320,43618.00,employed,7/9/1983,701346095,8
8,Charles,Lucas,borrower,78ew3br,621,94813.00,employed,12/18/1990,951375642,18
9,Giuseppe,Barker,borrower,32bdfre,791,68381.00,employed,9/19/1991,973451620,3
12,Marcos,Bright,borrower,nklewkj32,647,97324.00,employed,7/11/1971,249167546,49
13,Emmett,Gross,borrower,tne3ew,757,54156.00,employed,10/15/1973,653057948,56
14,Earl,Downs,borrower,9488ymrc,672,187214.00,employed,1/2/1978,431672056,21
15,Myrna,Howell,borrower,2s58v1fbd,784,57980.00,employed,2/3/1981,376419028,2
16,Bonita,Hensley,borrower,nbyud4b74gf,325,96049.00,employed,10/6/1982,976475182,45
17,Fermin,Parrish,borrower,nfhjv5djbn,642,95742.00,employed,1/7/1984,296372514,47
19,Miquel,Ball,borrower,75eyhvnegh,641,56054.00,employed,9/11/1990,955543020,16
20,Maria,Hudson,borrower,yhmre962dh,774,54660.00,employed,5/8/1997,600315044,60
21,Nona,Cisneros,borrower,hbke5b,845,260466.00,employed,6/24/1965,765400245,36
22,Aubrey,Myers,borrower,5nhje,821,42054.00,employed,3/31/1969,316004250,11
23,Tara,Gamble,borrower,iwmnvtgf6,514,97100.00,employed,4/14/1973,113460570,40
24,Sid,Le,borrower,uifn5fuf,845,94205.00,employed,10/4/1986,573160004,57
25,Randall,Levy,borrower,rev97258,725,132450.00,employed,5/16/1990,600134500,53
26,Gavin,White,borrower,hjf478jv,764,90742.00,employed,9/11/1992,970067076,38
27,Shane,Green,borrower,54eyuv,785,82053.00,employed,7/27/1993,331246384,9
28,Darwin,Gibbs,borrower,bjivie54,424,126160.00,employed,12/26/1995,990643009,30
31,Alex,Gamble,borrower,91bube,456,92541.00,employed,1/9/2000,300240011,20
32,John,Parker,borrower,oiwhj41,751,190146.00,employed,2/22/1972,555623410,51
33,Lucas,Earl,borrower,jrgew98,642,74112.00,employed,7/30/1976,100004275,41
3,Emmanuel,Blake,borrower,546beb54bb,832,0.00,unemployed,1/10/1981,678253916,5
6,Noelle,Strickland,borrower,bdf5a6bdf56,445,0.00,unemployed,8/29/1982,521034906,23
10,Al,Stuart,borrower,56ewv,675,0.00,unemployed,7/18/1997,603420619,10
11,Queen,Travis,borrower,12aer,834,0.00,unemployed,10/18/1965,130245796,1
18,Reva,Frazier,borrower,44fht,762,0.00,unemployed,8/21/1990,885436960,4
29,Sophia,Pena,borrower,726fju,745,0.00,unemployed,2/26/1996,789006512,15
30,Jack,Hawkins,borrower,rtghnew58,475,0.00,unemployed,9/24/1996,978460500,54