lenderID,nameFirst,nameLast,userType,password,userID
1,Margery,Gay,lender,ndhc8ju8,46
2,Cesar,Stokes,lender,pv6dx7w87k,52
3,Zackary,Crosby,lender,mnvjeu883hc8,43
4,Diane,Horton,lender,648h7cg2,14
5,Letitia,Bridges,lender,nfuiebicy9,48
6,Houston,Lozano,lender,v46v58edv,58
7,Nolan,Wolfe,lender,xcbe3,59
8,Leopoldo,Krueger,lender,ez5i2dilwr,34
9,Krystal,Rojas,lender,638dfhv7rb,12
10,Caroline,Bryant,lender,nbosghnxeq6,44
11,Letha,Mccall,lender,beuv6729bvyu,24
12,Andrea,Gibbs,lender,bneui729c,31
13,Julie,Hubbard,lender,flvbkgmmy6,35
14,Deanne,Valentine,lender,he7362nc8,37
15,Robyn,Hayden,lender,mgi3782d,42
16,Bryan,Gregory,lender,648dbvt,13
17,Alma,Taylor,lender,bi2389g1,26
18,Carlos,Rivas,lender,bidv782,28
19,Sheldon,Dougherty,lender,i8723vsd,39
20,Dean,Murphy,lender,bswvi3135,33
21,Leonard,Contreras,lender,bhfe79,25
22,Mervin,matthews,lender,t78bj2,55
23,Alisa,Mitchell,lender,789v329d,17
24,Julia,Boyd,lender,bidvsui89,29
25,Colin,Bishop,lender,bi89vdbj,27
26,Josie,Mcmillan,lender,ohuvew3,50
27,Stephan,Hunter,lender,8923bkjv89,19