userID,email
1,ui689d@gmail.com
3,6vwe56v@gmail.com
3,546v546@gmail.com
4,ygu54@gmail.com
5,6ew6@gmail.com
6,4e568e8@gmail.com
6,ebhidvs@gmail.com
7,565569@gmail.com
9,bgie668@gmail.com
10,v68vs768@gmail.com
10,468e68vv@gmail.com
11,oyqebkjx@gmail.com
14,pqoix57@gmail.com
14,qzgaipmw@gmail.com
15,15qwfev@gmail.com
16,mlpikwlu@gmail.com
18,plqnov274@gmail.com
19,9q7ew8b156@gmail.com
19,lmpweih18@gmail.com
20,5wa57ve@gmail.com
21,nbi2564ve@gmail.com
22,wbno@gmail.com
23,nboq@gmail.com
23,nobrag5@gmail.com
23,bvie35@gmail.com
24,prnibe574@gmail.com
26,5da75b@gmail.com
27,w5bra@gmail.com
27,75br4@gmail.com
32,rghnwi4@gmail.com
32,oi2v89@gmail.com
33,boiew68@gmail.com
42,nb9ve@gmail.com
43,anb9ve@gmail.com
44,90vj4@gmail.com
44,nv938nhg@gmail.com
45,nbv9e4@gmail.com
46,bg933veu@gmail.com
49,bnv9ebn@gmail.com
50,bv94bdpiq@gmail.com
51,nv0epq@gmail.com
51,npziw@gmail.com
52,nvpwev@gmail.com
53,03b0vbeu@gmail.com
53,0923ru@gmail.com
54,nv0e32@gmail.com
54,nb084np@gmail.com
54,pqitvb@gmail.com
55,bvtdb47@gmail.com
56,tzjqab@gmail.com
57,coiwiy@gmail.com
59,oievbhv90@gmail.com
59,lmvu@gmail.com
60,jvoeg@gmail.com
60,04963254ds@gmail.com