userID,userName,nameFirst,nameLast,userType,password
1,ImQueen,Queen,Travis,borrower,12aer
2,Mymy,Myrna,Howell,borrower,2s58v1fbd
3,BakerG,Giuseppe,Barker,borrower,32bdfre
4,Freezer,Reva,Frazier,borrower,44fht
5,Blake,Emmanuel,Blake,borrower,546beb54bb
6,CheezeSteak,Phyllis,Bonilla,borrower,546bre54
7,HoneyTea,Toney,Durham,borrower,546breae
8,Xaliber,Xavier,Burgess,borrower,546breen
9,GreenTrees,Shane,Green,borrower,54eyuv
10,Intelain,Al,Stuart,borrower,56ewv
11,AMyers,Aubrey,Myers,borrower,5nhje
12,Sparkles,Krystal,Rojas,lender,638dfhv7rb
13,BestDeal,Bryan,Gregory,lender,648dbvt
14,Rosei,Diane,Horton,lender,648h7cg2
15,FloraBloom,Sophia,Pena,borrower,726fju
16,RollingHoem,Miquel,Ball,borrower,75eyhvnegh
17,LisaM,Alisa,Mitchell,lender,789v329d
18,Lucas,Charles,Lucas,borrower,78ew3br
19,SHunter,Stephan,Hunter,lender,8923bkjv89
20,Cactux4U,Alex,Gamble,borrower,91bube
21,Downs4Land,Earl,Downs,borrower,9488ymrc
22,JPratt,Josue,Pratt,borrower,abere564b6
23,NeedLand,Noelle,Strickland,borrower,bdf5a6bdf56
24,Lethander,Letha,Mccall,lender,beuv6729bvyu
25,Leo,Leonard,Contreras,lender,bhfe79
26,TamlaL,Alma,Taylor,lender,bi2389g1
27,Camel,Colin,Bishop,lender,bi89vdbj
28,FreeBank,Carlos,Rivas,lender,bidv782
29,yaBoyd,Julia,Boyd,lender,bidvsui89
30,HomesEvo,Darwin,Gibbs,borrower,bjivie54
31,GibbsLend,Andrea,Gibbs,lender,bneui729c
32,Draho,Jack,Tanner,borrower,br54re56
33,Dean,Dean,Murphy,lender,bswvi3135
34,Leo,Leopoldo,Krueger,lender,ez5i2dilwr
35,Bestbard,Julie,Hubbard,lender,flvbkgmmy6
36,NCis,Nona,Cisneros,borrower,hbke5b
37,Gfam4U,Deanne,Valentine,lender,he7362nc8
38,LibrarySe,Gavin,White,borrower,hjf478jv
39,MarchDot14,Sheldon,Dougherty,lender,i8723vsd
40,Skullbloom,Tara,Gamble,borrower,iwmnvtgf6
41,Lucas,Lucas,Earl,borrower,jrgew98
42,BerbinCow,Robyn,Hayden,lender,mgi3782d
43,zzz777,Zackary,Crosby,lender,mnvjeu883hc8
44,Camel,Caroline,Bryant,lender,nbosghnxeq6
45,BeautyHen,Bonita,Hensley,borrower,nbyud4b74gf
46,MarsIsGray,Margery,Gay,lender,ndhc8ju8
47,FPneedC,Fermin,Parrish,borrower,nfhjv5djbn
48,HomeBridge,Letitia,Bridges,lender,nfuiebicy9
49,NeedBright,Marcos,Bright,borrower,nklewkj32
50,Mcmillans,Josie,Mcmillan,lender,ohuvew3
51,Spidy,John,Parker,borrower,oiwhj41
52,RomanHome,Cesar,Stokes,lender,pv6dx7w87k
53,Lev,Randall,Levy,borrower,rev97258
54,Olantern,Jack,Hawkins,borrower,rtghnew58
55,MageMervin,Mervin,matthews,lender,t78bj2
56,EGross,Emmett,Gross,borrower,tne3ew
57,SydneyBlues,Sid,Le,borrower,uifn5fuf
58,HouseTon,Houston,Lozano,lender,v46v58edv
59,WolvesDen,Nolan,Wolfe,lender,xcbe3
60,Bloomer,Maria,Hudson,borrower,yhmre962dh