lenderID,docID,docStatus
1,1,approved
1,2,approved
1,3,approved
1,4,approved
1,5,approved
1,6,approved
2,7,approved
2,8,approved
2,9,approved
2,10,approved
2,11,approved
2,12,approved 
3,13,approved 
3,14,approved
3,15,approved
3,16,approved
3,17,approved
3,18,approved
4,19,approved
4,20,approved
4,21,approved
4,22,approved 
4,23,approved 
4,24,approved
5,25,approved
5,26,approved
5,27,approved 
5,28,approved 
5,29,approved 
5,30,approved 
6,31,approved 
6,32,approved 
6,33,approved 
6,34,approved 
6,35,approved 
6,36,approved 
26,37,pending
26,38,pending
27,39,denied
27,40,approved
27,41,denied