username,phoneNum
ImQueen,9177216486
ImQueen,6137286423
ImQueen,3768135203
Mymy,9761520671
BakerG,8315209004
Freezer,6129410061
Freezer,9431002123
Blake,9672138520
HoneyTea,7463569241
HoneyTea,6240916354
Xaliber,9541186102
Intelain,9436118194
AMyers,9763152460
FloraBloom,9736150801
FloraBloom,1196431601
RollingHoem,4001469291
Cactux4U,4097941971
JPratt,9768254154
JPratt,5450842051
HomesEvo,9872196746
HomesEvo,1498130541
NCis,6106581320
Skullbloom,4132045045
Skullbloom,5462145105
Luke,4562150210
Luke,9245010510
Luke,6100681414
BeautyHen,9345504671
FPneedC,9417350957
FPneedC,9672451200
Spidy,9842904941
Spidy,9729053134
Lev,9726719162
Olantern,8756841098
EGross,9847312001
EGross,5420350540
SydneyBlues,3581054204
Sparkles,7504604205
Sparkles,1500464103
BestDeal,1205536543
Rosei,4520486396
LisaM,5874159621
SHunter,9245041044
Lethander,8512481747
Leo,9985449101
TamlaL,2014851440
Camel,7452145982
FreeBank,1144557200
Lepord,8524986200
Bestbard,7450410455
Gfam4U,4521482620
zzz777,4520044561
Coral,9542212101
Coral,5015504582
RomanHome,4851441125
RomanHome,9865986210
MageMervin,1415001446
HouseTon,9482100310
WolvesDen,1968102540