lenderID,nameFirst,nameLast,userType,password,username
9,Krystal,Rojas,lender,638dfhv7rb,Sparkles
16,Bryan,Gregory,lender,648dbvt,BestDeal
4,Diane,Horton,lender,648h7cg2,Rosei
23,Alisa,Mitchell,lender,789v329d,LisaM
27,Stephan,Hunter,lender,8923bkjv89,SHunter
11,Letha,Mccall,lender,beuv6729bvyu,Lethander
21,Leonard,Contreras,lender,bhfe79,Leo
17,Alma,Taylor,lender,bi2389g1,TamlaL
25,Colin,Bishop,lender,bi89vdbj,Camel
18,Carlos,Rivas,lender,bidv782,FreeBank
24,Julia,Boyd,lender,bidvsui89,yaBoyd
12,Andrea,Gibbs,lender,bneui729c,GibbsLend
20,Dean,Murphy,lender,bswvi3135,Dean
8,Leopoldo,Krueger,lender,ez5i2dilwr,Lepord
13,Julie,Hubbard,lender,flvbkgmmy6,Bestbard
14,Deanne,Valentine,lender,he7362nc8,Gfam4U
19,Sheldon,Dougherty,lender,i8723vsd,MarchDot14
15,Robyn,Hayden,lender,mgi3782d,BerbinCow
3,Zackary,Crosby,lender,mnvjeu883hc8,zzz777
10,Caroline,Bryant,lender,nbosghnxeq6,Coral
1,Margery,Gay,lender,ndhc8ju8,MarsIsGray
5,Letitia,Bridges,lender,nfuiebicy9,HomeBridge
26,Josie,Mcmillan,lender,ohuvew3,Mcmillans
2,Cesar,Stokes,lender,pv6dx7w87k,RomanHome
22,Mervin,matthews,lender,t78bj2,MageMervin
6,Houston,Lozano,lender,v46v58edv,HouseTon
7,Nolan,Wolfe,lender,xcbe3,WolvesDen