paymentID,dateOfPayment,amountPaid,statusOfPayment,paymentType,borrowerID,mortgageID,escrowID
1,1/1/2016,3843.60,approved,credit card,1,1,1
2,2/1/2016,6284.75,approved,credit card,1,1,1
3,3/1/2016,1985.59,approved,credit card,1,1,1
4,4/1/2016,2222.85,pending,credit card,1,1,1
5,7/7/2017,2923.85,approved,check,2,2,2
6,5/8/2016,7519.96,declined,check,2,2,2
7,6/12/2016,3156.27,approved,credit card,3,3,3
8,6/1/2016,2325.00,approved,credit card,4,4,4
9,6/2/2016,1063.58,approved,credit card,5,5,5
10,6/3/2016,7219.55,approved,credit card,6,6,6
11,6/4/2016,3834.26,approved,credit card,7,7,7
12,12/1/2019,6160.22,approved,check,8,8,8
13,6/6/2016,3679.96,pending,check,9,9,9
14,6/7/2016,4887.99,pending,check,10,10,10
15,6/8/2016,4040.99,pending,check,11,11,11
16,7/7/2018,5935.32,declined,check,12,12,12
17,6/6/2016,5811.96,declined,credit card,13,13,13
18,7/7/2017,6101.70,pending,credit card,14,14,14
19,6/9/2020,6471.67,approved,credit card,15,15,15
20,2/2/2016,4269.69,approved,credit card,16,16,16
21,6/5/2016,7636.88,approved,credit card,17,17,17
22,6/5/2016,3768.12,approved,check,18,18,18
23,9/1/2021,1360.10,approved,check,19,19,19
24,7/1/2021,4350.97,approved,credit card,20,20,20
25,6/1/2016,4964.24,approved,credit card,21,21,21
26,7/2/2016,1570.69,approved,check,22,22,22
27,11/1/2022,984.76,approved,credit card,23,23,23
28,1/12/2017,6328.66,approved,credit card,24,24,24
29,2/1/2022,3630.74,approved,credit card,25,25,25
30,3/1/2022,6252.51,approved,credit card,25,25,25
31,4/1/2022,4963.11,declined,check,25,25,25
32,4/2/2022,1977.09,declined,credit card,25,25,25
33,4/3/2022,5728.47,pending,credit card,25,25,25