username,nameFirst,nameLast,userType,password
AMyers,Aubrey,Myers,borrower,5nhje
BakerG,Giuseppe,Barker,borrower,32bdfre
BeautyHen,Bonita,Hensley,borrower,nbyud4b74gf
BerbinCow,Robyn,Hayden,lender,mgi3782d
Bestbard,Julie,Hubbard,lender,flvbkgmmy6
BestDeal,Bryan,Gregory,lender,648dbvt
Blake,Emmanuel,Blake,borrower,546beb54bb
Bloomer,Maria,Hudson,borrower,yhmre962dh
Cactux4U,Alex,Gamble,borrower,91bube
Camel,Colin,Bishop,lender,bi89vdbj
CheezeSteak,Phyllis,Bonilla,borrower,546bre54
Coral,Caroline,Bryant,lender,nbosghnxeq6
Dean,Dean,Murphy,lender,bswvi3135
Downs4Land,Earl,Downs,borrower,9488ymrc
Draho,Jack,Tanner,borrower,br54re56
EGross,Emmett,Gross,borrower,tne3ew
FloraBloom,Sophia,Pena,borrower,726fju
FPneedC,Fermin,Parrish,borrower,nfhjv5djbn
FreeBank,Carlos,Rivas,lender,bidv782
Freezer,Reva,Frazier,borrower,44fht
Gfam4U,Deanne,Valentine,lender,he7362nc8
GibbsLend,Andrea,Gibbs,lender,bneui729c
GreenTrees,Shane,Green,borrower,54eyuv
HomeBridge,Letitia,Bridges,lender,nfuiebicy9
HomesEvo,Darwin,Gibbs,borrower,bjivie54
HoneyTea,Toney,Durham,borrower,546breae
HouseTon,Houston,Lozano,lender,v46v58edv
ImQueen,Queen,Travis,borrower,12aer
Intelain,Al,Stuart,borrower,56ewv
JPratt,Josue,Pratt,borrower,abere564b6
Leo,Leonard,Contreras,lender,bhfe79
Lepord,Leopoldo,Krueger,lender,ez5i2dilwr
Lethander,Letha,Mccall,lender,beuv6729bvyu
Lev,Randall,Levy,borrower,rev97258
LibrarySe,Gavin,White,borrower,hjf478jv
LisaM,Alisa,Mitchell,lender,789v329d
Lucas,Charles,Lucas,borrower,78ew3br
Luke,Lucas,Earl,borrower,jrgew98
MageMervin,Mervin,matthews,lender,t78bj2
MarchDot14,Sheldon,Dougherty,lender,i8723vsd
MarsIsGray,Margery,Gay,lender,ndhc8ju8
Mcmillans,Josie,Mcmillan,lender,ohuvew3
Mymy,Myrna,Howell,borrower,2s58v1fbd
NCis,Nona,Cisneros,borrower,hbke5b
NeedBright,Marcos,Bright,borrower,nklewkj32
NeedLand,Noelle,Strickland,borrower,bdf5a6bdf56
Olantern,Jack,Hawkins,borrower,rtghnew58
RollingHoem,Miquel,Ball,borrower,75eyhvnegh
RomanHome,Cesar,Stokes,lender,pv6dx7w87k
Rosei,Diane,Horton,lender,648h7cg2
SHunter,Stephan,Hunter,lender,8923bkjv89
Skullbloom,Tara,Gamble,borrower,iwmnvtgf6
Sparkles,Krystal,Rojas,lender,638dfhv7rb
Spidy,John,Parker,borrower,oiwhj41
SydneyBlues,Sid,Le,borrower,uifn5fuf
TamlaL,Alma,Taylor,lender,bi2389g1
WolvesDen,Nolan,Wolfe,lender,xcbe3
Xaliber,Xavier,Burgess,borrower,546breen
yaBoyd,Julia,Boyd,lender,bidvsui89
zzz777,Zackary,Crosby,lender,mnvjeu883hc8