username,email
ImQueen,ui689d@gmail.com
BakerG,6vwe56v@gmail.com
BakerG,546v546@gmail.com
Freezer,ygu54@gmail.com
Blake,6ew6@gmail.com
CheezeSteak,4e568e8@gmail.com
CheezeSteak,ebhidvs@gmail.com
HoneyTea,565569@gmail.com
GreenTrees,bgie668@gmail.com
Intelain,v68vs768@gmail.com
Intelain,468e68vv@gmail.com
AMyers,oyqebkjx@gmail.com
Lucas,pqoix57@gmail.com
Lucas,qzgaipmw@gmail.com
Cactux4U,15qwfev@gmail.com
Downs4Land,mlpikwlu@gmail.com
NeedLand,plqnov274@gmail.com
HomesEvo,9q7ew8b156@gmail.com
HomesEvo,lmpweih18@gmail.com
Draho,5wa57ve@gmail.com
NCis,nbi2564ve@gmail.com
LibrarySe,wbno@gmail.com
Skullbloom,nboq@gmail.com
Skullbloom,nobrag5@gmail.com
Skullbloom,bvie35@gmail.com
Luke,prnibe574@gmail.com
FPneedC,5da75b@gmail.com
NeedBright,w5bra@gmail.com
NeedBright,75br4@gmail.com
SydneyBlues,rghnwi4@gmail.com
SydneyBlues,oi2v89@gmail.com
Bloomer,boiew68@gmail.com
Camel,nb9ve@gmail.com
FreeBank,anb9ve@gmail.com
yaBoyd,90vj4@gmail.com
yaBoyd,nv938nhg@gmail.com
GibbsLend,nbv9e4@gmail.com
Dean,bg933veu@gmail.com
Gfam4U,bnv9ebn@gmail.com
MarchDot14,bv94bdpiq@gmail.com
BerbinCow,nv0epq@gmail.com
BerbinCow,npziw@gmail.com
zzz777,nvpwev@gmail.com
Coral,03b0vbeu@gmail.com
Coral,0923ru@gmail.com
MarsIsGray,nv0e32@gmail.com
MarsIsGray,nb084np@gmail.com
MarsIsGray,pqitvb@gmail.com
HomeBridge,bvtdb47@gmail.com
Mcmillans,tzjqab@gmail.com
RomanHome,coiwiy@gmail.com
HouseTon,oievbhv90@gmail.com
HouseTon,lmvu@gmail.com
WolvesDen,jvoeg@gmail.com
WolvesDen,04963254ds@gmail.com